{
    "afr": {
        "important": [
            "probable:Latin"
        ],
        "link": "http://corpora.uni-leipzig.de/downloads/afr_newscrawl_2011_100K-text.tar.gz",
        "names": [
            "Afrikaans"
        ],
        "native": "Afrikaans",
        "status": "sketch",
        "trees": 200
    },
    "als": {
        "ignore": [
            "script:Arabic",
            "script:Armenian",
            "script:Cyrillic",
            "script:Devanagari",
            "script:Greek",
            "script:Han",
            "script:Hebrew",
            "script:Hiragana",
            "script:Kannada",
            "script:Katakana",
            "script:Syriac"
        ],
        "important": [
            "probable:Latin"
        ],
        "link": "http://corpora.uni-leipzig.de/downloads/als_wikipedia_2007_30K-text.tar.gz",
        "names": [
            "Tosk"
        ],
        "native": "Tosk",
        "status": "sketch",
        "trees": 200
    },
    "ara": {
        "ignore": [
            "script:Cyrillic",
            "script:Latin"
        ],
        "important": [
            "probable:Arabic",
            "probable:Common"
        ],
        "link": "http://corpora.uni-leipzig.de/downloads/ara_news_2005-2009_100K-text.tar.gz",
        "names": [
            "Arabic",
            "\u0627\u0644\u0639\u0631\u0628\u064a\u0629"
        ],
        "native": "\u0627\u0644\u0639\u0631\u0628\u064a\u0629",
        "status": "sketch",
        "supplement": [
            "script:Arabic"
        ],
        "trees": 300
    },
    "azj": {
        "ignore": [
            "script:Arabic",
            "script:Cyrillic",
            "script:Armenian",
            "script:Han",
            "script:Georgian",
            "script:Hangul",
            "script:Greek"
        ],
        "important": [
            "probable:Latin"
        ],
        "link": "http://corpora.uni-leipzig.de/downloads/azj_wikipedia_2007_10K-text.tar.gz",
        "names": [
            "Azerbaijani",
            "Azeri",
            "Az\u0259ri",
            "\u0622\u0630\u0631\u06cc"
        ],
        "native": "az\u0259rbaycanca",
        "status": "sketch",
        "trees": 400
    },
    "bak": {
        "ignore": [
            "script:Arabic"
        ],
        "important": [
            "probable:Cyrillic"
        ],
        "link": "http://corpora.uni-leipzig.de/downloads/bak_newscrawl_2011_100K-text.tar.gz",
        "names": [
            "Bashkir",
            "\u0431\u0430\u0448\u04a1\u043e\u0440\u0442 \u0442\u0435\u043b\u0435",
            "ba\u015fqort tele"
        ],
        "native": "\u0431\u0430\u0448\u04a1\u043e\u0440\u0442\u0441\u0430",
        "status": "sketch",
        "supplement": [
            "script:Cyrillic",
            [
                "A",
                "Z"
            ],
            [
                "a",
                "z"
            ]
        ],
        "trees": 400
    },
    "bel": {
        "important": [
            "probable:Cyrillic"
        ],
        "link": "http://corpora.uni-leipzig.de/downloads/bel_newscrawl_2011_100K-text.tar.gz",
        "names": [
            "Belarusian",
            "\u0431\u0435\u043b\u0430\u0440\u0443\u0441\u043a\u0430\u044f \u043c\u043e\u0432\u0430"
        ],
        "native": "\u0431\u0435\u043b\u0430\u0440\u0443\u0441\u043a\u0430\u044f",
        "status": "sketch",
        "supplement": [
            "script:Cyrillic",
            [
                "A",
                "Z"
            ],
            [
                "a",
                "z"
            ]
        ],
        "trees": 300
    },
    "bos": {
        "ignore": [
            "script:Cyrillic",
            "script:Greek",
            "script:Hangul",
            "script:Arabic"
        ],
        "important": [
            "probable:Latin"
        ],
        "link": "http://corpora.uni-leipzig.de/downloads/bos_newscrawl_2011_100K-text.tar.gz",
        "names": [
            "Standard Bosnian",
            "\u0431\u043e\u0441\u0430\u043d\u0441\u043a\u0438"
        ],
        "native": "bosanski",
        "status": "sketch",
        "trees": 200
    },
    "bre": {
        "ignore": [
            "script:Greek",
            "script:Cyrillic",
            "script:Arabic",
            "script:Han",
            "script:Hebrew",
            "script:Devanagari",
            "script:Armenian",
            "script:Thai",
            "script:Katakana",
            "script:Hiragana",
            "script:Georgian",
            "script:Hangul",
            "script:Tamil",
            "script:Bengali",
            "script:Kannada",
            "script:Gujarati",
            "script:Gurmukhi",
            "script:Coptic",
            "script:Telugu",
            "script:Lao",
            "script:Syriac",
            "script:Thaana",
            "script:Oriya",
            "script:Malayalam",
            "script:Myanmar",
            "script:Mongolian",
            "script:Tifinagh",
            "script:Tibetan",
            "script:Ogham",
            "script:Yi"
        ],
        "important": [
            "probable:Latin"
        ],
        "link": "http://corpora.uni-leipzig.de/downloads/bre_wikipedia_2007_30K-text.tar.gz",
        "names": [
            "Breton",
            "Brezhoneg"
        ],
        "native": "brezhoneg",
        "status": "sketch",
        "trees": 200
    },
    "bul": {
        "important": [
            "probable:Cyrillic"
        ],
        "link": "http://corpora.uni-leipzig.de/downloads/bul_news_2007_100K-text.tar.gz",
        "names": [
            "Bulgarian",
            "\u0431\u044a\u043b\u0433\u0430\u0440\u0441\u043a\u0438 \u0435\u0437\u0438\u043a",
            "b\u0103lgarski ezik"
        ],
        "native": "\u0431\u044a\u043b\u0433\u0430\u0440\u0441\u043a\u0438",
        "status": "sketch",
        "supplement": [
            [
                "A",
                "Z"
            ],
            [
                "a",
                "z"
            ]
        ],
        "trees": 200
    },
    "cat": {
        "ignore": [
            "script:Greek"
        ],
        "important": [
            "probable:Latin"
        ],
        "link": "http://corpora.uni-leipzig.de/downloads/cat_newscrawl_2011_100K-text.tar.gz",
        "names": [
            "Catalan",
            "catal\u00e0"
        ],
        "native": "catal\u00e0",
        "status": "sketch",
        "trees": 200
    },
    "ceb": {
        "important": [
            "probable:Latin"
        ],
        "link": "http://corpora.uni-leipzig.de/downloads/ceb_newscrawl_2011_10K-text.tar.gz",
        "names": [
            "Cebuano",
            "Binisaya"
        ],
        "native": "Cebuano",
        "status": "sketch",
        "trees": 200
    },
    "ces": {
        "ignore": [
            "script:Greek"
        ],
        "important": [
            "probable:Latin"
        ],
        "link": "http://corpora.uni-leipzig.de/downloads/ces_newscrawl_2011_100K-text.tar.gz",
        "names": [
            "Czech",
            "\u010de\u0161tina",
            "\u010desk\u00fd"
        ],
        "native": "\u010desky",
        "status": "sketch",
        "trees": 300
    },
    "cym": {
        "important": [
            "probable:Latin"
        ],
        "link": "http://corpora.uni-leipzig.de/downloads/cym_wikipedia_2007_30K-text.tar.gz",
        "names": [
            "Welsh",
            "Cymraeg",
            "y Gymraeg"
        ],
        "native": "Cymraeg",
        "status": "sketch",
        "trees": 200
    },
    "dan": {
        "ignore": [
            "script:Cyrillic",
            "script:Han",
            "script:Katakana"
        ],
        "important": [
            "probable:Latin"
        ],
        "link": "http://corpora.uni-leipzig.de/downloads/dan_newscrawl_2011_100K-text.tar.gz",
        "names": [
            "Danish",
            "dansk"
        ],
        "native": "dansk",
        "status": "sketch",
        "trees": 250
    },
    "deu": {
        "ignore": [
            "script:Greek",
            "script:Cyrillic"
        ],
        "important": [
            "probable:Latin"
        ],
        "link": "http://corpora.uni-leipzig.de/downloads/deu_news_2010_100K-text.tar.gz",
        "names": [
            "German",
            "Deutsch"
        ],
        "native": "Deutsch",
        "status": "draft",
        "trees": 200
    },
    "eng": {
        "important": [
            "probable:Latin"
        ],
        "link": "http://corpora.uni-leipzig.de/downloads/eng_news_2010_100K-text.tar.gz",
        "names": [
            "English"
        ],
        "native": "English",
        "status": "draft",
        "trees": 200
    },
    "epo": {
        "ignore": [
            "script:Cyrillic",
            "script:Greek",
            "script:Han",
            "script:Arabic",
            "script:Devanagari",
            "script:Katakana",
            "script:Hebrew",
            "script:Hiragana",
            "script:Georgian",
            "script:Hangul",
            "script:Armenian",
            "script:Tibetan",
            "script:Telugu",
            "script:Mandaic"
        ],
        "important": [
            "probable:Latin"
        ],
        "link": "http://corpora.uni-leipzig.de/downloads/epo_wikipedia_2007_100K-text.tar.gz",
        "names": [
            "Esperanto"
        ],
        "native": "Esperanto",
        "status": "sketch",
        "trees": 200
    },
    "est": {
        "ignore": [
            "script:Cyrillic",
            "script:Han",
            "script:Hebrew",
            "script:Katakana"
        ],
        "important": [
            "probable:Latin"
        ],
        "link": "http://corpora.uni-leipzig.de/downloads/est_newscrawl_2011_100K-text.tar.gz",
        "names": [
            "Estonian",
            "eesti keel"
        ],
        "native": "eesti",
        "status": "sketch",
        "trees": 250
    },
    "eus": {
        "important": [
            "probable:Latin"
        ],
        "link": "http://corpora.uni-leipzig.de/downloads/eus_web_2002_100K-text.tar.gz",
        "names": [
            "Basque",
            "Euskara"
        ],
        "native": "euskara",
        "status": "sketch",
        "trees": 200
    },
    "fas": {
        "ignore": [
            "script:Hangul",
            "script:Latin",
            "script:Han"
        ],
        "important": [
            "probable:Arabic"
        ],
        "link": "http://corpora.uni-leipzig.de/downloads/fas_newscrawl_2011_100K-text.tar.gz",
        "names": [
            "Persian",
            "\u0641\u0627\u0631\u0633\u06cc"
        ],
        "native": "\u0641\u0627\u0631\u0633\u06cc",
        "status": "sketch",
        "supplement": [
            "script:Arabic"
        ],
        "trees": 400
    },
    "fin": {
        "ignore": [
            "script:Cyrillic",
            "script:Greek",
            "script:Han",
            "script:Arabic",
            "script:Hebrew",
            "script:Thai",
            "script:Katakana",
            "script:Georgian",
            "script:Hiragana",
            "script:Devanagari",
            "script:Canadian_Aboriginal",
            "script:Bengali",
            "script:Tamil",
            "script:Mongolian",
            "script:Armenian",
            "script:Ethiopic",
            "script:Hangul",
            "script:Syriac"
        ],
        "important": [
            "probable:Latin"
        ],
        "link": "http://corpora.uni-leipzig.de/downloads/fin_wikipedia_2007_100K-text.tar.gz",
        "names": [
            "Finnish",
            "Suomen kieli"
        ],
        "native": "suomi",
        "status": "sketch",
        "trees": 200
    },
    "fra": {
        "important": [
            "probable:Latin"
        ],
        "link": "http://corpora.uni-leipzig.de/downloads/fra_news_2010_100K-text.tar.gz",
        "names": [
            "French",
            "fran\u00e7ais"
        ],
        "native": "fran\u00e7ais",
        "status": "sketch",
        "trees": 200
    },
    "gom": {
        "ignore": [
            "script:Arabic"
        ],
        "important": [
            "probable:Latin"
        ],
        "link": "http://corpora.uni-leipzig.de/downloads/gom_newscrawl_2011_30K-text.tar.gz",
        "names": [
            "Konkani",
            "\u0915\u094b\u0902\u0915\u0923\u0940",
            "Konknni",
            "\u0c95\u0cca\u0c82\u0c95\u0ca3\u0cbf",
            "\u0d15\u0d4a\u0d19\u0d4d\u0d15\u0d23\u0d3f"
        ],
        "native": "Konkani",
        "status": "sketch",
        "trees": 200
    },
    "guj": {
        "ignore": [
            "script:Latin"
        ],
        "important": [
            "script:Gujarati"
        ],
        "link": "http://corpora.uni-leipzig.de/downloads/guj_newscrawl_2011_100K-text.tar.gz",
        "names": [
            "Gujarati",
            "\u0a97\u0ac1\u0a9c\u0ab0\u0abe\u0aa4\u0ac0"
        ],
        "native": "\u0a97\u0ac1\u0a9c\u0ab0\u0abe\u0aa4\u0ac0",
        "status": "sketch",
        "trees": 400
    },
    "heb": {
        "ignore": [
            "script:Cyrillic",
            "script:Latin"
        ],
        "important": [
            "probable:Hebrew",
            "probable:Common"
        ],
        "link": "http://corpora.uni-leipzig.de/downloads/heb_newscrawl_2011_100K-text.tar.gz",
        "names": [
            "Hebrew",
            "\u05e2\u05b4\u05d1\u05b0\u05e8\u05b4\u05d9\u05ea"
        ],
        "native": "\u05e2\u05d1\u05e8\u05d9\u05ea",
        "status": "sketch",
        "supplement": [
            "script:Hebrew",
            [
                "A",
                "Z"
            ],
            [
                "a",
                "z"
            ]
        ],
        "trees": 250
    },
    "hin": {
        "ignore": [
            "script:Gujarati",
            "script:Latin"
        ],
        "important": [
            "probable:Devanagari"
        ],
        "link": "http://corpora.uni-leipzig.de/downloads/hin_newscrawl_2011_100K-text.tar.gz",
        "names": [
            "Hindi",
            "\u092e\u093e\u0928\u0915 \u0939\u093f\u0928\u094d\u0926\u0940"
        ],
        "native": "\u0939\u093f\u0928\u094d\u0926\u0940",
        "status": "sketch",
        "supplement": [
            "script:Devanagari"
        ],
        "trees": 400
    },
    "hrv": {
        "ignore": [
            "script:Cyrillic",
            "script:Greek",
            "script:Arabic",
            "script:Han",
            "script:Hebrew",
            "script:Katakana",
            "script:Hiragana",
            "script:Georgian",
            "script:Armenian",
            "script:Telugu",
            "script:Tamil",
            "script:Hangul",
            "script:Devanagari"
        ],
        "important": [
            "probable:Latin"
        ],
        "link": "http://corpora.uni-leipzig.de/downloads/hrv_wikipedia_2007_100K-text.tar.gz",
        "names": [
            "Croatian",
            "hrvatski"
        ],
        "native": "hrvatski",
        "status": "sketch",
        "trees": 250
    },
    "ido": {
        "ignore": [
            "script:Hangul",
            "script:Cyrillic",
            "script:Han",
            "script:Hiragana",
            "script:Greek",
            "script:Arabic"
        ],
        "important": [
            "probable:Latin"
        ],
        "link": "http://corpora.uni-leipzig.de/downloads/ido_wikipedia_2007_30K-text.tar.gz",
        "names": [
            "Ido"
        ],
        "native": "Ido",
        "status": "sketch",
        "trees": 200
    },
    "ind": {
        "important": [
            "probable:Latin"
        ],
        "link": "http://corpora.uni-leipzig.de/downloads/ind_newscrawl_2012_100K-text.tar.gz",
        "names": [
            "Indonesian",
            "Bahasa Indonesia"
        ],
        "native": "Bahasa Indonesia",
        "status": "sketch",
        "trees": 200
    },
    "isl": {
        "important": [
            "probable:Latin"
        ],
        "link": "http://corpora.uni-leipzig.de/downloads/isl_newscrawl_2011_100K-text.tar.gz",
        "names": [
            "Icelandic",
            "\u00edslenska"
        ],
        "native": "\u00edslenska",
        "status": "sketch",
        "trees": 250
    },
    "ita": {
        "important": [
            "probable:Latin"
        ],
        "link": "http://corpora.uni-leipzig.de/downloads/ita_news_2010_100K-text.tar.gz",
        "names": [
            "Italian",
            "Italiano"
        ],
        "native": "italiano",
        "status": "sketch",
        "trees": 200
    },
    "jpn": {
        "ignore": [
            "script:Han",
            "script:Latin",
            "script:Greek",
            "script:Hangul"
        ],
        "important": [
            "probable:Hiragana",
            "probable:Katakana",
            "probable:Common"
        ],
        "link": "http://corpora.uni-leipzig.de/downloads/jpn_news_2005-2008_100K-text.tar.gz",
        "names": [
            "Japanese",
            "\u65e5\u672c\u8a9e"
        ],
        "native": "\u65e5\u672c\u8a9e",
        "status": "sketch",
        "supplement": [
            "script:Hiragana",
            "script:Katakana"
        ],
        "trees": 400
    },
    "kal": {
        "important": [
            "probable:Latin"
        ],
        "link": "http://corpora.uni-leipzig.de/downloads/kal_newscrawl_2011_30K-text.tar.gz",
        "names": [
            "Greenlandic",
            "Kalaallisut"
        ],
        "native": "kalaallisut",
        "status": "sketch",
        "trees": 200
    },
    "kat": {
        "ignore": [
            "script:Latin",
            "script:Cyrillic"
        ],
        "important": [
            "probable:Georgian"
        ],
        "link": "http://corpora.uni-leipzig.de/downloads/kat_newscrawl_2011_100K-text.tar.gz",
        "names": [
            "Georgian",
            "\u10e5\u10d0\u10e0\u10d7\u10e3\u10da\u10d8 \u10d4\u10dc\u10d0"
        ],
        "native": "\u10e5\u10d0\u10e0\u10d7\u10e3\u10da\u10d8",
        "status": "sketch",
        "supplement": [
            "script:Georgian"
        ],
        "trees": 250
    },
    "kaz": {
        "ignore": [
            "script:Latin",
            "script:Arabic",
            "script:Greek",
            "script:Han",
            "script:Georgian",
            "script:Hangul",
            "script:Devanagari",
            "script:Bengali",
            "script:Thai",
            "script:Syriac",
            "script:Tamil",
            "script:Hiragana",
            "script:Hebrew"
        ],
        "important": [
            "probable:Cyrillic"
        ],
        "link": "http://corpora.uni-leipzig.de/downloads/kaz_wikipedia_2010_100K-text.tar.gz",
        "names": [
            "Kazakh",
            "\u049b\u0430\u0437\u0430\u049b \u0442\u0456\u043b\u0456",
            "\u0642\u0627\u0632\u0627\u0642 \u062a\u0649\u0644\u0649\u200e"
        ],
        "native": "\u049b\u0430\u0437\u0430\u049b\u0448\u0430",
        "status": "sketch",
        "supplement": [
            "script:Cyrillic"
        ],
        "trees": 300
    },
    "kir": {
        "ignore": [
            "script:Han",
            "script:Latin",
            "script:Greek"
        ],
        "important": [
            "probable:Cyrillic"
        ],
        "link": "http://corpora.uni-leipzig.de/downloads/kir_newscrawl_2011_100K-text.tar.gz",
        "names": [
            "Kyrgyz",
            "\u041a\u044b\u0440\u0433\u044b\u0437\u0447\u0430",
            "\u0642\u0649\u0631\u0639\u0649\u0632 \u062a\u0649\u0644\u0649",
            "K\u0131rg\u0131z\u00e7a"
        ],
        "native": "\u041a\u044b\u0440\u0433\u044b\u0437\u0447\u0430",
        "status": "sketch",
        "supplement": [
            "script:Cyrillic"
        ],
        "trees": 300
    },
    "kor": {
        "ignore": [
            "script:Latin",
            "script:Han",
            "script:Hiragana",
            "script:Greek",
            "script:Katakana",
            "script:Mandaic"
        ],
        "important": [
            "probable:Hangul"
        ],
        "link": "http://corpora.uni-leipzig.de/downloads/kor_news_2007_300K-text.tar.gz",
        "names": [
            "Korean",
            "\ud55c\uad6d\uc5b4",
            "\uc870\uc120\ub9d0"
        ],
        "native": "\ud55c\uad6d\uc5b4",
        "status": "sketch",
        "supplement": [
            "script:Hangul"
        ],
        "trees": 50,
        "use_bigrams": false
    },
    "kur": {
        "ignore": [
            "script:Latin"
        ],
        "important": [
            "probable:Arabic"
        ],
        "link": "http://corpora.uni-leipzig.de/downloads/kur_newscrawl_2011_30K-text.tar.gz",
        "names": [
            "Kurdish",
            "\u0643\u0648\u0631\u062f\u06cc",
            "Kurd\u00ee",
            "Kurd\u00ed",
            "\u041a\u00f6\u0440\u0434\u0438"
        ],
        "native": "Kurd\u00ee",
        "status": "sketch",
        "supplement": [
            "script:Arabic"
        ],
        "trees": 200
    },
    "lat": {
        "important": [
            "probable:Latin"
        ],
        "link": "http://corpora.uni-leipzig.de/downloads/lat_wikipedia_2007_30K-text.tar.gz",
        "names": [
            "Latin",
            "Lingua latina"
        ],
        "native": "Latina",
        "status": "sketch",
        "trees": 200
    },
    "lav": {
        "ignore": [
            "script:Cyrillic",
            "script:Greek",
            "script:Arabic",
            "script:Han",
            "script:Hebrew",
            "script:Devanagari",
            "script:Hangul",
            "script:Armenian",
            "script:Myanmar",
            "script:Gurmukhi",
            "script:Georgian",
            "script:Tibetan",
            "script:Hiragana",
            "script:Katakana",
            "script:Gujarati",
            "script:Thai"
        ],
        "important": [
            "probable:Latin"
        ],
        "link": "http://corpora.uni-leipzig.de/downloads/lav_wikipedia_2007_30K-text.tar.gz",
        "names": [
            "Latvian",
            "latvie\u0161u valoda"
        ],
        "native": "Latvie\u0161u",
        "status": "sketch",
        "trees": 300
    },
    "lit": {
        "ignore": [
            "script:Cyrillic",
            "script:Han",
            "script:Bopomofo",
            "script:Hangul",
            "script:Hebrew"
        ],
        "important": [
            "probable:Latin"
        ],
        "link": "http://corpora.uni-leipzig.de/downloads/lit_newscrawl_2011_100K-text.tar.gz",
        "names": [
            "Lithuanian",
            "lietuvi\u0173 kalba"
        ],
        "native": "lietuvi\u0173",
        "status": "sketch",
        "trees": 300
    },
    "ltz": {
        "ignore": [
            "script:Greek",
            "script:Cyrillic",
            "script:Arabic",
            "script:Hebrew",
            "script:Han",
            "script:Georgian",
            "script:Devanagari",
            "script:Katakana",
            "script:Hangul"
        ],
        "important": [
            "probable:Latin"
        ],
        "link": "http://corpora.uni-leipzig.de/downloads/ltz_wikipedia_2007_30K-text.tar.gz",
        "names": [
            "Luxembourgish",
            "L\u00ebtzebuergesch"
        ],
        "native": "L\u00ebtzebuergesch",
        "status": "sketch",
        "trees": 250
    },
    "lus": {
        "ignore": [
            "script:Han"
        ],
        "important": [
            "probable:Latin"
        ],
        "link": "http://corpora.uni-leipzig.de/downloads/lus_newscrawl_2011_30K-text.tar.gz",
        "names": [
            "Mizo"
        ],
        "native": "Mizo \u0163awng",
        "status": "sketch",
        "trees": 200
    },
    "mal": {
        "ignore": [
            "script:Latin"
        ],
        "important": [
            "probable:Malayalam"
        ],
        "link": "http://corpora.uni-leipzig.de/downloads/mal_newscrawl_2011_100K-text.tar.gz",
        "names": [
            "Malayalam",
            "\u0d2e\u0d32\u0d2f\u0d3e\u0d33\u0d02"
        ],
        "native": "\u0d2e\u0d32\u0d2f\u0d3e\u0d33\u0d02",
        "status": "sketch",
        "supplement": [
            "script:Malayalam"
        ],
        "trees": 500
    },
    "mar": {
        "ignore": [
            "script:Latin"
        ],
        "important": [
            "probable:Devanagari"
        ],
        "link": "http://corpora.uni-leipzig.de/downloads/mar_newscrawl_2011_100K-text.tar.gz",
        "names": [
            "Marathi",
            "\u092e\u0930\u093e\u0920\u0940"
        ],
        "native": "\u092e\u0930\u093e\u0920\u0940",
        "status": "sketch",
        "supplement": [
            "script:Devanagari"
        ],
        "trees": 500
    },
    "mkd": {
        "ignore": [
            "script:Latin",
            "script:Greek"
        ],
        "important": [
            "probable:Cyrillic"
        ],
        "link": "http://corpora.uni-leipzig.de/downloads/mkd_newscrwal_2011_100K-text.tar.gz",
        "names": [
            "Macedonian",
            "\u041c\u0430\u043a\u0435\u0434\u043e\u043d\u0441\u043a\u0438 \u0458\u0430\u0437\u0438\u043a"
        ],
        "native": "\u043c\u0430\u043a\u0435\u0434\u043e\u043d\u0441\u043a\u0438",
        "status": "sketch",
        "supplement": [
            "script:Cyrillic"
        ],
        "trees": 200
    },
    "mlg": {
        "ignore": [
            "script:Hiragana",
            "script:Han",
            "script:Hebrew",
            "script:Katakana",
            "script:Cyrillic",
            "script:Arabic",
            "script:Hangul",
            "script:Greek",
            "script:Kannada"
        ],
        "important": [
            "probable:Latin"
        ],
        "link": "http://corpora.uni-leipzig.de/downloads/mlg_web_2012_30K-text.tar.gz",
        "names": [
            "Malagasy"
        ],
        "native": "Malagasy",
        "status": "sketch",
        "trees": 200
    },
    "mlt": {
        "ignore": [
            "script:Greek"
        ],
        "important": [
            "probable:Latin"
        ],
        "link": "http://corpora.uni-leipzig.de/downloads/mlt_newscrawl_2011_10K-text.tar.gz",
        "names": [
            "Maltese",
            "Malti"
        ],
        "native": "Malti",
        "status": "sketch",
        "trees": 200
    },
    "mon": {
        "ignore": [
            "script:Latin"
        ],
        "important": [
            "probable:Cyrillic"
        ],
        "link": "http://corpora.uni-leipzig.de/downloads/mon_news_2011_30K-text.tar.gz",
        "names": [
            "Mongolian",
            "\u041c\u043e\u043d\u0433\u043e\u043b \u0445\u044d\u043b"
        ],
        "native": "\u043c\u043e\u043d\u0433\u043e\u043b",
        "status": "sketch",
        "supplement": [
            "script:Cyrillic"
        ],
        "trees": 250
    },
    "mri": {
        "ignore": [
            "script:Hebrew",
            "script:Hangul",
            "script:Greek",
            "script:Cyrillic"
        ],
        "important": [
            "probable:Latin"
        ],
        "link": "http://corpora.uni-leipzig.de/downloads/mri_web_2011_100K-text.tar.gz",
        "names": [
            "M\u0101ori"
        ],
        "native": "M\u0101ori",
        "status": "sketch",
        "trees": 100
    },
    "msa": {
        "important": [
            "probable:Latin"
        ],
        "link": "http://corpora.uni-leipzig.de/downloads/msa_newscrawl_2011_100K-text.tar.gz",
        "names": [
            "Malay",
            "\u0628\u0647\u0627\u0633 \u0645\u0644\u0627\u064a\u0648"
        ],
        "native": "Malay",
        "status": "sketch",
        "trees": 200
    },
    "nep": {
        "important": [
            "probable:Devanagari"
        ],
        "link": "http://corpora.uni-leipzig.de/downloads/nep_news_2010_100K-text.tar.gz",
        "names": [
            "Nepali",
            "\u0928\u0947\u092a\u093e\u0932\u0940"
        ],
        "native": "\u0928\u0947\u092a\u093e\u0932\u0940",
        "status": "sketch",
        "supplement": [
            "script:Devanagari"
        ],
        "trees": 500
    },
    "new": {
        "important": [
            "probable:Devanagari"
        ],
        "link": "http://corpora.uni-leipzig.de/downloads/new_wikipedia_2009_10K-text.tar.gz",
        "names": [
            "Nepal Bhasa",
            "\u0928\u0947\u092a\u093e\u0932 \u092d\u093e\u0937\u093e"
        ],
        "native": "\u0928\u0947\u092a\u093e\u0932 \u092d\u093e\u0937\u093e",
        "status": "sketch",
        "supplement": [
            "script:Devanagari"
        ],
        "trees": 500
    },
    "nno": {
        "ignore": [
            "script:Cyrillic",
            "script:Greek",
            "script:Hebrew",
            "script:Arabic",
            "script:Devanagari",
            "script:Han",
            "script:Tamil",
            "script:Armenian",
            "script:Hangul",
            "script:Thai",
            "script:Malayalam",
            "script:Bengali",
            "script:Katakana",
            "script:Georgian",
            "script:Gurmukhi",
            "script:Tibetan",
            "script:Canadian_Aboriginal",
            "script:Telugu",
            "script:Ethiopic",
            "script:Hiragana",
            "script:Gujarati",
            "script:Ogham",
            "script:Braille"
        ],
        "important": [
            "probable:Latin"
        ],
        "link": "http://corpora.uni-leipzig.de/downloads/nno_wikipedia_2007_100K-text.tar.gz",
        "names": [
            "Norwegian Nynorsk",
            "norsk",
            "nynorsk"
        ],
        "native": "norsk nynorsk",
        "status": "sketch",
        "trees": 200
    },
    "nob": {
        "important": [
            "probable:Latin"
        ],
        "link": "http://corpora.uni-leipzig.de/downloads/nob_news_2007_100K-text.tar.gz",
        "names": [
            "Norwegian Bokm\u00e5l",
            "norsk",
            "bokm\u00e5l"
        ],
        "native": "norsk bokm\u00e5l",
        "status": "sketch",
        "trees": 200
    },
    "oci": {
        "ignore": [
            "script:Cyrillic",
            "script:Greek",
            "script:Arabic",
            "script:Devanagari",
            "script:Hebrew",
            "script:Han"
        ],
        "important": [
            "probable:Latin"
        ],
        "link": "http://corpora.uni-leipzig.de/downloads/oci_wikipedia_2007_10K-text.tar.gz",
        "names": [
            "Occitan"
        ],
        "native": "occitan",
        "status": "sketch",
        "trees": 200
    },
    "pol": {
        "ignore": [
            "script:Greek"
        ],
        "important": [
            "probable:Latin"
        ],
        "link": "http://corpora.uni-leipzig.de/downloads/pol_news_2008_100K-text.tar.gz",
        "names": [
            "Polish",
            "j\u0119zyk polski"
        ],
        "native": "polski",
        "status": "sketch",
        "trees": 300
    },
    "por": {
        "ignore": [
            "script:Katakana"
        ],
        "important": [
            "probable:Latin"
        ],
        "link": "http://corpora.uni-leipzig.de/downloads/por_newscrawl_2011_100K-text.tar.gz",
        "names": [
            "Portuguese",
            "portugu\u00eas"
        ],
        "native": "portugu\u00eas",
        "status": "sketch",
        "trees": 200
    },
    "rus": {
        "ignore": [
            "script:Latin"
        ],
        "important": [
            "probable:Cyrillic"
        ],
        "link": "http://corpora.uni-leipzig.de/downloads/rus_news_2010_100K-text.tar.gz",
        "names": [
            "Russian",
            "\u0420\u0443\u0441\u0441\u043a\u0438\u0439 \u044f\u0437\u044b\u043a"
        ],
        "native": "\u0440\u0443\u0441\u0441\u043a\u0438\u0439",
        "status": "sketch",
        "supplement": [
            "script:Cyrillic"
        ],
        "trees": 300
    },
    "slk": {
        "important": [
            "probable:Latin"
        ],
        "link": "http://corpora.uni-leipzig.de/downloads/slk_wikipedia_2007_100K-text.tar.gz",
        "names": [
            "Slovak",
            "sloven\u010dina"
        ],
        "native": "sloven\u010dina",
        "status": "sketch",
        "trees": 200
    },
    "slv": {
        "ignore": [
            "script:Cyrillic"
        ],
        "important": [
            "probable:Latin"
        ],
        "link": "http://corpora.uni-leipzig.de/downloads/slv_newscrawl_2011_100K-text.tar.gz",
        "names": [
            "Slovene",
            "sloven\u0161\u010dina"
        ],
        "native": "sloven\u0161\u010dina",
        "status": "sketch",
        "trees": 200
    },
    "som": {
        "ignore": [
            "script:Arabic",
            "script:Han"
        ],
        "important": [
            "probable:Latin"
        ],
        "link": "http://corpora.uni-leipzig.de/downloads/som_newscrawl_2011_100K-text.tar.gz",
        "names": [
            "Somali",
            "Af-Soomaali",
            "\u0627\u0644\u0644\u063a\u0629 \u0627\u0644\u0635\u0648\u0645\u0627\u0644\u064a\u0629"
        ],
        "native": "Soomaaliga",
        "status": "sketch",
        "trees": 200
    },
    "spa": {
        "ignore": [
            "script:Katakana",
            "script:Arabic",
            "script:Cyrillic"
        ],
        "important": [
            "probable:Latin"
        ],
        "link": "http://corpora.uni-leipzig.de/downloads/spa_newscrawl_2011_100K-text.tar.gz",
        "names": [
            "Spanish",
            "espa\u00f1ol",
            "castellano"
        ],
        "native": "espa\u00f1ol",
        "status": "sketch",
        "trees": 200
    },
    "srp": {
        "ignore": [
            "script:Latin",
            "script:Greek",
            "script:Han",
            "script:Tamil",
            "script:Arabic",
            "script:Hebrew",
            "script:Devanagari",
            "script:Hiragana",
            "script:Gurmukhi",
            "script:Ethiopic",
            "script:Armenian",
            "script:Katakana"
        ],
        "important": [
            "probable:Cyrillic"
        ],
        "link": "http://corpora.uni-leipzig.de/downloads/srp_wikipedia_2010_100K-text.tar.gz",
        "names": [
            "Standard Serbian",
            "\u0441\u0440\u043f\u0441\u043a\u0438 srpski"
        ],
        "native": "\u0441\u0440\u043f\u0441\u043a\u0438",
        "status": "sketch",
        "supplement": [
            "script:Cyrillic"
        ],
        "trees": 250
    },
    "swa": {
        "important": [
            "probable:Latin"
        ],
        "link": "http://corpora.uni-leipzig.de/downloads/swa_newscrawl_2011_10K-text.tar.gz",
        "names": [
            "Swahili",
            "Kiswahili"
        ],
        "native": "Kiswahili",
        "status": "sketch",
        "trees": 200
    },
    "swe": {
        "important": [
            "probable:Latin"
        ],
        "link": "http://corpora.uni-leipzig.de/downloads/swe_news_2007_100K-text.tar.gz",
        "names": [
            "Swedish",
            "svenska"
        ],
        "native": "svenska",
        "status": "sketch",
        "trees": 200
    },
    "tam": {
        "ignore": [
            "script:Latin",
            "script:Devanagari",
            "script:Greek"
        ],
        "important": [
            "probable:Tamil"
        ],
        "link": "http://corpora.uni-leipzig.de/downloads/tam_newscrawl_2011_100K-text.tar.gz",
        "names": [
            "Tamil",
            "\u0ba4\u0bae\u0bbf\u0bb4\u0bcd"
        ],
        "native": "\u0ba4\u0bae\u0bbf\u0bb4\u0bcd",
        "status": "sketch",
        "supplement": [
            "script:Tamil"
        ],
        "trees": 400
    },
    "tat": {
        "ignore": [
            "script:Latin",
            "script:Greek"
        ],
        "important": [
            "probable:Cyrillic"
        ],
        "link": "http://corpora.uni-leipzig.de/downloads/tat_news_2005-2011_100K-text.tar.gz",
        "names": [
            "Tatar",
            "\u0442\u0430\u0442\u0430\u0440 \u0442\u0435\u043b\u0435",
            "tatar tele",
            "\u062a\u0627\u062a\u0627\u0631 \u062a\u064a\u0644\u06cc"
        ],
        "native": "\u0442\u0430\u0442\u0430\u0440\u0447\u0430",
        "status": "sketch",
        "supplement": [
            "script:Cyrillic"
        ],
        "trees": 400
    },
    "tel": {
        "ignore": [
            "script:Latin"
        ],
        "important": [
            "script:Telugu"
        ],
        "link": "http://corpora.uni-leipzig.de/downloads/tel_newscrawl_2011_100K-text.tar.gz",
        "names": [
            "Telugu",
            "\u0c24\u0c46\u0c32\u0c41\u0c17\u0c41"
        ],
        "native": "\u0c24\u0c46\u0c32\u0c41\u0c17\u0c41",
        "status": "sketch",
        "trees": 500
    },
    "tgk": {
        "ignore": [
            "script:Latin",
            "script:Arabic",
            "script:Greek"
        ],
        "important": [
            "probable:Cyrillic"
        ],
        "link": "http://corpora.uni-leipzig.de/downloads/tgk_newscrawl_2011_100K-text.tar.gz",
        "names": [
            "Tajik",
            "\u0442\u043e\u04b7\u0438\u043a\u04e3",
            "\u062a\u0627\u062c\u06cc\u06a9\u06cc\u200e",
            "tojik\u012b"
        ],
        "native": "\u0442\u043e\u04b7\u0438\u043a\u04e3",
        "status": "sketch",
        "supplement": [
            "script:Cyrillic"
        ],
        "trees": 300
    },
    "tgl": {
        "important": [
            "probable:Latin"
        ],
        "link": "http://corpora.uni-leipzig.de/downloads/tgl_newscrwal_2011_100K-text.tar.gz",
        "names": [
            "Tagalog"
        ],
        "native": "Tagalog",
        "status": "sketch",
        "trees": 200
    },
    "tha": {
        "ignore": [
            "script:Latin"
        ],
        "important": [
            "script:Thai"
        ],
        "link": "http://corpora.uni-leipzig.de/downloads/tha_newscrawl_2011_100K-text.tar.gz",
        "names": [
            "Thai",
            "Siamese",
            "\u0e20\u0e32\u0e29\u0e32\u0e44\u0e17\u0e22"
        ],
        "native": "\u0e44\u0e17\u0e22",
        "status": "sketch",
        "trees": 400
    },
    "tur": {
        "important": [
            "probable:Latin"
        ],
        "link": "http://corpora.uni-leipzig.de/downloads/tur_news_2005_100K-text.tar.gz",
        "names": [
            "Turkish",
            "T\u00fcrk\u00e7e"
        ],
        "native": "T\u00fcrk\u00e7e",
        "status": "sketch",
        "trees": 300
    },
    "ukr": {
        "ignore": [
            "script:Latin",
            "script:Greek",
            "script:Han",
            "script:Hiragana",
            "script:Hebrew",
            "script:Armenian",
            "script:Arabic",
            "script:Devanagari",
            "script:Katakana",
            "script:Georgian",
            "script:Hangul"
        ],
        "important": [
            "probable:Cyrillic"
        ],
        "link": "http://corpora.uni-leipzig.de/downloads/ukr_wikipedia_2010_100K-text.tar.gz",
        "names": [
            "Ukrainian",
            "\u0443\u043a\u0440\u0430\u0457\u043d\u0441\u044c\u043a\u0430 \u043c\u043e\u0432\u0430"
        ],
        "native": "\u0443\u043a\u0440\u0430\u0457\u043d\u0441\u044c\u043a\u0430",
        "status": "sketch",
        "supplement": [
            "script:Cyrillic"
        ],
        "trees": 300
    },
    "urd": {
        "ignore": [
            "script:Latin"
        ],
        "important": [
            "probable:Arabic"
        ],
        "link": "http://corpora.uni-leipzig.de/downloads/urd_newscrawl_2011_100K-text.tar.gz",
        "names": [
            "Urd\u016b",
            "\u0627\u064f\u0631\u062f\u064f\u0648"
        ],
        "native": "\u0627\u0631\u062f\u0648",
        "status": "sketch",
        "supplement": [
            "script:Arabic"
        ],
        "trees": 300
    },
    "uzb": {
        "ignore": [
            "script:Arabic"
        ],
        "important": [
            "probable:Cyrillic",
            "probable:Latin"
        ],
        "link": "http://corpora.uni-leipzig.de/downloads/uzb_newscrawl_2011_100K-text.tar.gz",
        "names": [
            "Uzbek",
            "O\u02bbzbek",
            "\u040e\u0437\u0431\u0435\u043a",
            "\u0627\u0648\u0632\u0628\u06cc\u06a9"
        ],
        "native": "o\u02bbzbekcha",
        "status": "sketch",
        "supplement": [
            "script:Cyrillic"
        ],
        "trees": 400
    },
    "vie": {
        "important": [
            "probable:Latin"
        ],
        "link": "http://corpora.uni-leipzig.de/downloads/vie_newscrwal_2011_100K-text.tar.gz",
        "names": [
            "Vietnamese",
            "Ti\u1ebfng Vi\u1ec7t"
        ],
        "native": "Ti\u1ebfng Vi\u1ec7t",
        "status": "sketch",
        "trees": 500
    },
    "zho": {
        "extra_slots": 0,
        "ignore": [
            "script:Latin",
            "script:Hiragana",
            "script:Katakana",
            "script:Cyrillic",
            "script:Greek",
            "script:Bopomofo"
        ],
        "important": [
            "probable:Han",
            "probable:Common"
        ],
        "link": "http://corpora.uni-leipzig.de/downloads/zho_news_2007-2009_100K-text.tar.gz",
        "names": [
            "Chinese",
            "\u6c49\u8bed",
            "\u6f22\u8a9e"
        ],
        "native": "\u4e2d\u6587",
        "space": "\uff0c",
        "supplement": [
            "script:Han"
        ],
        "trees": 1,
        "use_bigrams": false,
        "use_monograms": false
    }
}